Box Office Average per Cinema,Number of Theatres in Opening Weekend,Opening Weekend,Market Profitability,Worldwide Gross,Domestic Gross,Foreign Gross,Budget,Film ,Lead Studio,Rotten Tomatoes,Audience Score,Story,Genre,Oscar,Bafta
9716,3119,30.3,2.13,212.70,124.900000000000000,87.80,100,Cloudy with a Chance of Meatballs,Sony,86,70,Comedy,Animation,,
9579,2882,27.6,5.40,205.30,88.900000000000000,116.40,38,The Ugly Truth,Independent,14,68,Love,Comedy,,
8782,3121,27.4,3.82,152.60,66.500000000000000,86.10,40,The Final Destination,Warner Bros.,29,52,Escape,Horror,,
8754,3735,32.7,0.85,85.30,63.400000000000000,16.30,100,Where the Wild Things Are,Warner Bros.,73,59,Journey and Return,Adventure,,
8405,2357,19.8,4.78,76.50,35.900000000000000,40.00,16,The Unborn,Relativity Media,11,39,Monster Force,Horror,,
8159,3683,30.1,1.70,323.60,137.900000000000000,185.70,190,A Christmas Carol,Disney,52,72,Transformation,Animation,,
8147,3036,24.7,3.95,93.30,49.200000000000000,42.50,23.6,Zombieland,Sony,90,87,Monster Force,Action,,
7765,3183,24.7,9.07,226.80,145.000000000000000,81.80,25,Taken,Independent,58,83,Pursuit,Action,,
7603,3074,4.7,1.36,150.00,65.500000000000000,84.60,110,The Taking of Pelham 1 2 3,Sony,51,60,Rescue,Action,,
7329,2299,16.8,2.03,121.90,75.300000000000000,46.60,60,Coraline,Universal,89,77,Journey and Return,Animation,,
7288,3255,23.7,6.82,136.30,64.200000000000000,72.10,20,17 Again,Independent,55,70,Maturation,Comedy,,
7080,2942,20.8,2.60,91.10,37.000000000000000,50.80,35,Underworld: Rise of the Lycans,Sony,30,68,Rivalry,Action,,
6635,2563,17,1.42,92.30,44.000000000000000,48.30,65,The Lovely Bones,Paramount,32,57,Tragedy,Drama,,
6528,3226,21.1,3.82,114.70,100.400000000000000,13.40,30,Bride Wars,Fox,11,56,Comedy,Comedy,,
6233,2988,18.6,2.04,79.70,40.600000000000000,37.60,39,The Time Traveler's Wife,Paramount,38,65,Love,Drama,,
5947,1895,11.2,6.48,162.02,83.820000000000000,78.20,25,Up in the Air,Paramount,90,76,Maturation,Drama,,Adapted Screenplay
5201,2443,12.7,2.01,48.20,32.400000000000000,15.80,24,The Men Who Stare at Goats,Independent,52,43,Comedy,Comedy,,
4650,3036,14.1,4.48,49.30,31.800000000000000,17.00,11,Saw VI,Independent,40,67,Escape,Horror,,
4577,817,3.8,7.81,58.60,48.300000000000000,9.30,7.5,(500) Days of Summer,Fox,87,81,Love,Comedy,,
41890,6,0.3,2.93,20.50,9.200000000000000,7.10,7,A Serious Man,Universal,89,64,Love,Drama,,
4048,3035,12.3,1.47,73.40,51.900000000000000,19.60,50,Planet 51,Independent,22,45,Comedy,Animation,,
36338,4,0.14,1.21,18.10,14.700000000000000,3.40,15,The Hurt Locker,Independent,97,83,Quest,Drama,"Best Picture, Director, Original Screenplay","Film, Director, Original Screenplay"
35497,4024,142.8,14.08,704.20,293.800000000000000,410.30,50,The Twilight Saga: New Moon,Summit,27,78,Love,Drama,,
3426,2033,7,1.07,42.78,20.500000000000000,21.80,40,Fantastic Mr. Fox,Fox,93,80,Rivalry,Animation,,
25736,4234,109,3.98,836.30,402.100000000000000,434.20,210,Transformers: Revenge of the Fallen,Paramount,20,76,Revenge,Action,,
22313,3452,77,11.45,"2,712.85",743.800000000000000,"1,969.00",237,Avatar,Fox,83,92,Metamorphosis,Action,,
20751,4099,85.1,2.49,373.10,179.900000000000000,193.20,150,X-Men Origins: Wolverine,Fox,37,72,Revenge,Action,,
19539,3849,75.2,2.75,385.50,257.700000000000000,127.80,140,Star Trek,Paramount,94,91,Revenge,Action,,
19165,3404,65.3,3.84,767.90,165.600000000000000,602.40,200,2012,Sony,39,63,Escape,Action,,
18085,3766,68.1,4.15,727.10,293.000000000000000,434.00,175,Up,Disney,98,86,Journey and Return,Animation,Animated,Animated
17183,3626,62.3,4.38,394.60,197.600000000000000,197.00,90,Sherlock Holmes,Warner Bros.,70,81,The Riddle,Action,,
15291,3611,55.2,1.34,185.30,107.500000000000000,77.70,138,Watchmen,Warner Bros.,64,68,Sacrifice,Action,,
13759,3269,45,13.35,467.30,277.300000000000000,190.00,35,The Hangover,Warner Bros.,79,87,Comedy,Comedy,,
13534,111,1.5,0.57,14.30,7.900000000000000,6.50,25,The Road,The Weinstein Company,75,65,Quest,Adventure,,
13210,3700,48.8,5.88,440.70,219.500000000000000,221.30,75,Alvin and the Chipmunks: The Squeakquel,Independent,21,59,Comedy,Animation,,
13100,3527,46.2,3.24,485.90,133.400000000000000,352.60,150,Angels & Demons,Sony,36,65,The Riddle,Mystery,,
12056,3530,42.6,1.86,372.00,125.300000000000000,246.70,200,Terminator Salvation,Independent,33,64,Monster Force,Action,,
11429,3000,34.3,2.77,166.40,109.200000000000000,57.20,60,Couples Retreat,Universal,12,47,Comedy,Comedy,,
11110,2756,30.6,3.11,130.80,60.100000000000000,70.70,42,Bruno,Universal,68,48,Comedy,Comedy,,
11004,3056,33.6,7.87,314.70,164.000000000000000,150.70,40,The Proposal,Disney,43,74,Love,Comedy,,
10971,3110,34.1,10.18,295.10,255.800000000000000,39.30,29,The Blind Side,Independent,65,90,Rags To Riches,Biography,Best Actress,
10125,3144,31.8,7.05,183.30,80.000000000000000,103.30,26,Paul Blart: Mall Cop,Sony,33,50,Comedy,Action,,
($),,($m),% of budget recovered,($m),($m),($m),($m),,,,,,,,
,,,,,,,,Average,,,,,,,
,,,,,,,,"420.00""",19.6,,,http://www.the-numbers.com/movies/records/allbudgets.php,,,
